Workbook

Sheet Raw_Customers
A1: Customer_ID | B1: Name | C1: City | D1: Contact_Number | E1: Email | F1: Gender | G1: Address
A2: C001 | B2: Tara Krishnan | C2: Panchkula | D2: +917193971454 | E2: mandrati@chad.org | F2: Female | G2: 65/04 Dhawan Marg, Rajpur Sonarpur 590551
A3: C002 | B3: Myra Edwin | C3: Bulandshahr | D3: 08915420519 | E3: yshukla@hotmail.com | F3: Female | G3: H.No. 78 Sharaf Ganj Indore 928261
A4: C003 | B4: Jayesh Lanka | C4: Bilaspur | D4: 07400208126 | E4: kavyabarad@hotmail.com | F4: Male | G4: H.No. 53, Krishna Ganj, Dhule-346480
A5: C004 | B5: Tarini Bava | C5: Miryalaguda | D5: 07232349928 | E5: vsen@hotmail.com | F5: Male | G5: 145 Sibal, Rourkela-650344
A6: C005 | B6: Hiran Kaul | C6: Kottayam | D6: 02207644242 | E6: hanshkapur@buch.biz | F6: Male | G6: 34/168 Sachar Street Bhatpara 002691
A7: C006 | B7: Rania Mann | C7: Karimnagar | D7: +919363577179 | E7: evaswamy@biswas-sekhon.com | F7: Female | G7: 15/89, Dayal Chowk, Rohtak 586046
A8: C007 | B8: Jayant Kamdar | C8: Berhampore | D8: +918576675504 | E8: pcontractor@hotmail.com | F8: Male | G8: H.No. 501 Goswami Path, Bhilwara 482554
A9: C008 | B9: Veer Ray | C9: Chinsurah | D9: 7138085704 | E9: uthkarshjohal@yahoo.com | F9: Female | G9: H.No. 589, Gala Circle, Nandyal-774484
A10: C009 | B10: Ritvik Borah | C10: Madurai | D10: 1336765676 | E10: daliajivika@yahoo.com | F10: Female | G10: 28/64 Lanka Marg, Ramgarh 141634
A11: C010 | B11: Darshit Dave | C11: Kanpur | D11: 01608833065 | E11: fateh26@hotmail.com | F11: Male | G11: H.No. 21 Singhal Path Hindupur 170985
A12: C011 | B12: Lagan Kapoor | C12: Orai | D12: +916173563562 | E12: rsidhu@gmail.com | F12: Female | G12: 53/710, Tailor Ganj, Gorakhpur-030540
... A101: C100 | B101: Pranay Chaudhary | C101: Phagwara | D101: +919478540370 | E101: prisha77@loke.org | F101: Female | G101: H.No. 58 Sem Street, Amravati 316691

Sheet Raw_Orders
A1: Order_ID | B1: Customer_ID | C1: Product_ID | D1: Quantity | E1: Order_Date | F1: Order_Time | G1: Delivery_Date | H1: Delivery_Time | I1: Location | J1: Occasion | K1: Duplicate_Check
A2: 1 | B2: C037 | C2: 67 | D2: 5 | E2: 24-02-2023 | F2: 23:48:13 | G2: 05-03-2023 | H2: 07:27:10 | I2: Bardhaman | J2: Anniversary | K2: =IF(COUNTIF(A2:A1001,A2)>1,"Duplicate","Unique") -> Unique
A3: 2 | B3: C019 | C3: 41 | D3: 2 | E3: 07-11-2023 | F3: 23:30:18 | G3: 13-11-2023 | H3: 07:16:17 | I3: Jaipur | J3: Diwali
A4: 3 | B4: C029 | C4: 67 | D4: 5 | E4: 14-07-2023 | F4: 19:12:03 | G4: 19-07-2023 | H4: 17:39:00 | I4: Bilaspur | J4: Anniversary
A5: 4 | B5: C012 | C5: 14 | D5: 5 | E5: 10-07-2023 | F5: 04:44:29 | G5: 19-07-2023 | H5: 06:33:23 | I5: Guwahati | J5: Birthday
A6: 5 | B6: C078 | C6: 58 | D6: 2 | E6: 11-02-2023 | F6: 19:44:48 | G6: 18-02-2023 | H6: 11:08:52 | I6: Rajkot | J6: Valentine's Day
A7: 6 | B7: C040 | C7: 28 | D7: 4 | E7: 20-08-2023 | F7: 22:11:35 | G7: 26-08-2023 | H7: 19:06:46 | I7: Sirsa | J7: Raksha Bandhan
A8: 7 | B8: C009 | C8: 45 | D8: 2 | E8: 08-05-2023 | F8: 01:45:13 | G8: 13-05-2023 | H8: 10:07:17 | I8: Nanded | J8: Birthday
A9: 8 | B9: C097 | C9: 43 | D9: 3 | E9: 08-11-2023 | F9: 19:20:02 | G9: 14-11-2023 | H9: 08:44:45 | I9: Morena | J9: Diwali
A10: 9 | B10: C044 | C10: 27 | D10: 4 | E10: 20-08-2023 | F10: 23:39:51 | G10: 29-08-2023 | H10: 23:59:54 | I10: Rajkot | J10: Raksha Bandhan
A11: 10 | B11: C099 | C11: 56 | D11: 3 | E11: 26-02-2023 | F11: 00:17:26 | G11: 08-03-2023 | H11: 20:47:43 | I11: Ambala | J11: Anniversary
A12: 11 | B12: C065 | C12: 16 | D12: 4 | E12: 02-03-2023 | F12: 20:14:55 | G12: 03-03-2023 | H12: 23:19:47 | I12: Belgaum | J12: Holi
A13: 12 | B13: C097 | C13: 38 | D13: 3 | E13: 12-07-2023 | F13: 08:28:56 | G13: 20-07-2023 | H13: 23:34:57 | I13: Karnal | J13: Birthday
A14: 13 | B14: C024 | C14: 20 | D14: 3 | E14: 24-02-2023 | F14: 16:47:16 | G14: 04-03-2023 | H14: 02:27:37 | I14: Gandhidham | J14: Anniversary
... A1001: 1000 | B1001: C012 | C1001: 27 | D1001: 4 | E1001: 25-08-2023 | F1001: 01:22:43 | G1001: 31-08-2023 | H1001: 06:57:59 | I1001: Tadepalligudem | J1001: Raksha Bandhan

Sheet Raw_Products
A1: Product_ID | B1: Product_Name | C1: Category | D1: Price (INR) | E1: Occasion
A2: 1 | B2: Magnam Set | C2: Soft Toys | D2: 1935 | E2: All Occasions
A3: 2 | B3: Voluptas Box | C3: Plants | D3: 441 | E3: Valentine's Day
A4: 3 | B4: Eius Gift | C4: Colors | D4: 1534 | E4: Valentine's Day
A5: 4 | B5: Accusantium Set | C5: Sweets | D5: 1199 | E5: Diwali
A6: 5 | B6: Natus Gift | C6: Colors | D6: 1444 | E6: All Occasions
A7: 6 | B7: Quos Box | C7: Cake | D7: 1112 | E7: Holi
A8: 7 | B8: Quos Set | C8: Soft Toys | D8: 409 | E8: Holi
A9: 8 | B9: Qui Box | C9: Sweets | D9: 252 | E9: Anniversary
A10: 9 | B10: Aperiam Box | C10: Colors | D10: 1605 | E10: Raksha Bandhan
A11: 10 | B11: Accusantium Gift | C11: Cake | D11: 259 | E11: Birthday
A12: 11 | B12: Maxime Set | C12: Mugs | D12: 1096 | E12: Valentine's Day
... A71: 70 | B71: Error Gift | C71: Sweets | D71: 866 | E71: Birthday

Sheet Cleaned_Data
A1: Order_ID | B1: Customer_ID | C1: Customer_Name | D1: City | E1: Phone_Clean | F1: Product_ID | G1: Product_Name | H1: Category | I1: Quantity | J1: Unit_Price | K1: Total_Amount | L1: Order_Date | M1: Delivery_Date | N1: Delivery_Days | O1: Occasion | P1: Location
A2: =Raw_Orders!A2 -> 1 | B2: =Raw_Orders!B2 -> C037 | C2: =INDEX(Raw_Customers!$B$2:$B$101,MATCH($B2,Raw_Customers!$A$2:$A$101,0)) -> Aradhya Kumar | D2: =TRIM(INDEX(Raw_Customers!$C$2:$C$101,MATCH($B2,Raw_Customers!$A$2:$A$101,0))) -> Davanagere | E2: ="+91-"&RIGHT("0000000000"&INDEX(Raw_Customers!$D$2:$D$101,MATCH($B2,Raw_Customers!$A$2:$A$101,0)),10) -> +91-1972392634 | F2: =Raw_Orders!C2 -> 67 | G2: =INDEX(Raw_Products!$B$2:$B$71,MATCH($F2,Raw_Products!$A$2:$A$71,0)) -> Maiores Box | H2: =INDEX(Raw_Products!$C$2:$C$71,MATCH($F2,Raw_Products!$A$2:$A$71,0)) -> Raksha Bandhan | I2: =VALUE(Raw_Orders!D2) -> 5 | J2: =INDEX(Raw_Products!$D$2:$D$71,MATCH($F2,Raw_Products!$A$2:$A$71,0)) -> 1374 | K2: =I2*J2 -> 6870 | L2: =DATE(VALUE(RIGHT(Raw_Orders!E2,4)),VALUE(MID(Raw_Orders!E2,4,2)),VALUE(LEFT(Raw_Orders!E2,2))) -> 44981 | M2: =DATE(VALUE(RIGHT(Raw_Orders!G2,4)),VALUE(MID(Raw_Orders!G2,4,2)),VALUE(LEFT(Raw_Orders!G2,2))) -> 44990 | N2: =M2-L2 -> 9 | O2: =Raw_Orders!J2 -> Anniversary | P2: =Raw_Orders!I2 -> Bardhaman
A3: =Raw_Orders!A3 -> 2 | B3: =Raw_Orders!B3 -> C019 | C3: =INDEX(Raw_Customers!$B$2:$B$101,MATCH($B3,Raw_Customers!$A$2:$A$101,0)) -> Amira Sengupta | D3: =TRIM(INDEX(Raw_Customers!$C$2:$C$101,MATCH($B3,Raw_Customers!$A$2:$A$101,0))) -> Danapur | E3: ="+91-"&RIGHT("0000000000"&INDEX(Raw_Customers!$D$2:$D$101,MATCH($B3,Raw_Customers!$A$2:$A$101,0)),10) -> +91-4513393592 | F3: =Raw_Orders!C3 -> 41 | G3: =INDEX(Raw_Products!$B$2:$B$71,MATCH($F3,Raw_Products!$A$2:$A$71,0)) -> Aut Box | H3: =INDEX(Raw_Products!$C$2:$C$71,MATCH($F3,Raw_Products!$A$2:$A$71,0)) -> Sweets | I3: =VALUE(Raw_Orders!D3) -> 2 | J3: =INDEX(Raw_Products!$D$2:$D$71,MATCH($F3,Raw_Products!$A$2:$A$71,0)) -> 1977 | K3: =I3*J3 -> 3954 | L3: =DATE(VALUE(RIGHT(Raw_Orders!E3,4)),VALUE(MID(Raw_Orders!E3,4,2)),VALUE(LEFT(Raw_Orders!E3,2))) -> 45237 | M3: =DATE(VALUE(RIGHT(Raw_Orders!G3,4)),VALUE(MID(Raw_Orders!G3,4,2)),VALUE(LEFT(Raw_Orders!G3,2))) -> 45243 | N3: =M3-L3 -> 6 | O3: =Raw_Orders!J3 -> Diwali | P3: =Raw_Orders!I3 -> Jaipur
A4: =Raw_Orders!A4 -> 3 | B4: =Raw_Orders!B4 -> C029 | C4: =INDEX(Raw_Customers!$B$2:$B$101,MATCH($B4,Raw_Customers!$A$2:$A$101,0)) -> Badal Sathe | D4: =TRIM(INDEX(Raw_Customers!$C$2:$C$101,MATCH($B4,Raw_Customers!$A$2:$A$101,0))) -> Haridwar | E4: ="+91-"&RIGHT("0000000000"&INDEX(Raw_Customers!$D$2:$D$101,MATCH($B4,Raw_Customers!$A$2:$A$101,0)),10) -> +91-2454360885 | F4: =Raw_Orders!C4 -> 67 | G4: =INDEX(Raw_Products!$B$2:$B$71,MATCH($F4,Raw_Products!$A$2:$A$71,0)) -> Maiores Box | H4: =INDEX(Raw_Products!$C$2:$C$71,MATCH($F4,Raw_Products!$A$2:$A$71,0)) -> Raksha Bandhan | I4: =VALUE(Raw_Orders!D4) -> 5 | J4: =INDEX(Raw_Products!$D$2:$D$71,MATCH($F4,Raw_Products!$A$2:$A$71,0)) -> 1374 | K4: =I4*J4 -> 6870 | L4: =DATE(VALUE(RIGHT(Raw_Orders!E4,4)),VALUE(MID(Raw_Orders!E4,4,2)),VALUE(LEFT(Raw_Orders!E4,2))) -> 45121 | M4: =DATE(VALUE(RIGHT(Raw_Orders!G4,4)),VALUE(MID(Raw_Orders!G4,4,2)),VALUE(LEFT(Raw_Orders!G4,2))) -> 45126 | N4: =M4-L4 -> 5 | O4: =Raw_Orders!J4 -> Anniversary | P4: =Raw_Orders!I4 -> Bilaspur
A5: =Raw_Orders!A5 -> 4 | B5: =Raw_Orders!B5 -> C012 | C5: =INDEX(Raw_Customers!$B$2:$B$101,MATCH($B5,Raw_Customers!$A$2:$A$101,0)) -> Onkar Mangat | D5: =TRIM(INDEX(Raw_Customers!$C$2:$C$101,MATCH($B5,Raw_Customers!$A$2:$A$101,0))) -> Bilaspur | E5: ="+91-"&RIGHT("0000000000"&INDEX(Raw_Customers!$D$2:$D$101,MATCH($B5,Raw_Customers!$A$2:$A$101,0)),10) -> +91-9921125624 | F5: =Raw_Orders!C5 -> 14 | G5: =INDEX(Raw_Products!$B$2:$B$71,MATCH($F5,Raw_Products!$A$2:$A$71,0)) -> Deserunt Box | H5: =INDEX(Raw_Products!$C$2:$C$71,MATCH($F5,Raw_Products!$A$2:$A$71,0)) -> Colors | I5: =VALUE(Raw_Orders!D5) -> 5 | J5: =INDEX(Raw_Products!$D$2:$D$71,MATCH($F5,Raw_Products!$A$2:$A$71,0)) -> 1915 | K5: =I5*J5 -> 9575 | L5: =DATE(VALUE(RIGHT(Raw_Orders!E5,4)),VALUE(MID(Raw_Orders!E5,4,2)),VALUE(LEFT(Raw_Orders!E5,2))) -> 45117 | M5: =DATE(VALUE(RIGHT(Raw_Orders!G5,4)),VALUE(MID(Raw_Orders!G5,4,2)),VALUE(LEFT(Raw_Orders!G5,2))) -> 45126 | N5: =M5-L5 -> 9 | O5: =Raw_Orders!J5 -> Birthday | P5: =Raw_Orders!I5 -> Guwahati
A6: =Raw_Orders!A6 -> 5 | B6: =Raw_Orders!B6 -> C078 | C6: =INDEX(Raw_Customers!$B$2:$B$101,MATCH($B6,Raw_Customers!$A$2:$A$101,0)) -> Jivika Rajan | D6: =TRIM(INDEX(Raw_Customers!$C$2:$C$101,MATCH($B6,Raw_Customers!$A$2:$A$101,0))) -> Bhubaneswar | E6: ="+91-"&RIGHT("0000000000"&INDEX(Raw_Customers!$D$2:$D$101,MATCH($B6,Raw_Customers!$A$2:$A$101,0)),10) -> +91-3005266310 | F6: =Raw_Orders!C6 -> 58 | G6: =INDEX(Raw_Products!$B$2:$B$71,MATCH($F6,Raw_Products!$A$2:$A$71,0)) -> Sed Pack | H6: =INDEX(Raw_Products!$C$2:$C$71,MATCH($F6,Raw_Products!$A$2:$A$71,0)) -> Cake | I6: =VALUE(Raw_Orders!D6) -> 2 | J6: =INDEX(Raw_Products!$D$2:$D$71,MATCH($F6,Raw_Products!$A$2:$A$71,0)) -> 1492 | K6: =I6*J6 -> 2984 | L6: =DATE(VALUE(RIGHT(Raw_Orders!E6,4)),VALUE(MID(Raw_Orders!E6,4,2)),VALUE(LEFT(Raw_Orders!E6,2))) -> 44968 | M6: =DATE(VALUE(RIGHT(Raw_Orders!G6,4)),VALUE(MID(Raw_Orders!G6,4,2)),VALUE(LEFT(Raw_Orders!G6,2))) -> 44975 | N6: =M6-L6 -> 7 | O6: =Raw_Orders!J6 -> Valentine's Day | P6: =Raw_Orders!I6 -> Rajkot
A7: =Raw_Orders!A7 -> 6 | B7: =Raw_Orders!B7 -> C040 | C7: =INDEX(Raw_Customers!$B$2:$B$101,MATCH($B7,Raw_Customers!$A$2:$A$101,0)) -> Hazel Mangat | D7: =TRIM(INDEX(Raw_Customers!$C$2:$C$101,MATCH($B7,Raw_Customers!$A$2:$A$101,0))) -> Pallavaram | E7: ="+91-"&RIGHT("0000000000"&INDEX(Raw_Customers!$D$2:$D$101,MATCH($B7,Raw_Customers!$A$2:$A$101,0)),10) -> +91-8810621361 | F7: =Raw_Orders!C7 -> 28 | G7: =INDEX(Raw_Products!$B$2:$B$71,MATCH($F7,Raw_Products!$A$2:$A$71,0)) -> Velit Set | H7: =INDEX(Raw_Products!$C$2:$C$71,MATCH($F7,Raw_Products!$A$2:$A$71,0)) -> Sweets | I7: =VALUE(Raw_Orders!D7) -> 4 | J7: =INDEX(Raw_Products!$D$2:$D$71,MATCH($F7,Raw_Products!$A$2:$A$71,0)) -> 1778 | K7: =I7*J7 -> 7112 | L7: =DATE(VALUE(RIGHT(Raw_Orders!E7,4)),VALUE(MID(Raw_Orders!E7,4,2)),VALUE(LEFT(Raw_Orders!E7,2))) -> 45158 | M7: =DATE(VALUE(RIGHT(Raw_Orders!G7,4)),VALUE(MID(Raw_Orders!G7,4,2)),VALUE(LEFT(Raw_Orders!G7,2))) -> 45164 | N7: =M7-L7 -> 6 | O7: =Raw_Orders!J7 -> Raksha Bandhan | P7: =Raw_Orders!I7 -> Sirsa
A8: =Raw_Orders!A8 -> 7 | B8: =Raw_Orders!B8 -> C009 | C8: =INDEX(Raw_Customers!$B$2:$B$101,MATCH($B8,Raw_Customers!$A$2:$A$101,0)) -> Ritvik Borah | D8: =TRIM(INDEX(Raw_Customers!$C$2:$C$101,MATCH($B8,Raw_Customers!$A$2:$A$101,0))) -> Madurai | E8: ="+91-"&RIGHT("0000000000"&INDEX(Raw_Customers!$D$2:$D$101,MATCH($B8,Raw_Customers!$A$2:$A$101,0)),10) -> +91-1336765676 | F8: =Raw_Orders!C8 -> 45 | G8: =INDEX(Raw_Products!$B$2:$B$71,MATCH($F8,Raw_Products!$A$2:$A$71,0)) -> Iusto Set | H8: =INDEX(Raw_Products!$C$2:$C$71,MATCH($F8,Raw_Products!$A$2:$A$71,0)) -> Raksha Bandhan | I8: =VALUE(Raw_Orders!D8) -> 2 | J8: =INDEX(Raw_Products!$D$2:$D$71,MATCH($F8,Raw_Products!$A$2:$A$71,0)) -> 722 | K8: =I8*J8 -> 1444 | L8: =DATE(VALUE(RIGHT(Raw_Orders!E8,4)),VALUE(MID(Raw_Orders!E8,4,2)),VALUE(LEFT(Raw_Orders!E8,2))) -> 45054 | M8: =DATE(VALUE(RIGHT(Raw_Orders!G8,4)),VALUE(MID(Raw_Orders!G8,4,2)),VALUE(LEFT(Raw_Orders!G8,2))) -> 45059 | N8: =M8-L8 -> 5 | O8: =Raw_Orders!J8 -> Birthday | P8: =Raw_Orders!I8 -> Nanded
A9: =Raw_Orders!A9 -> 8 | B9: =Raw_Orders!B9 -> C097 | C9: =INDEX(Raw_Customers!$B$2:$B$101,MATCH($B9,Raw_Customers!$A$2:$A$101,0)) -> Nakul Randhawa | D9: =TRIM(INDEX(Raw_Customers!$C$2:$C$101,MATCH($B9,Raw_Customers!$A$2:$A$101,0))) -> Sri Ganganagar | E9: ="+91-"&RIGHT("0000000000"&INDEX(Raw_Customers!$D$2:$D$101,MATCH($B9,Raw_Customers!$A$2:$A$101,0)),10) -> +91-0456900126 | F9: =Raw_Orders!C9 -> 43 | G9: =INDEX(Raw_Products!$B$2:$B$71,MATCH($F9,Raw_Products!$A$2:$A$71,0)) -> Quisquam Pack | H9: =INDEX(Raw_Products!$C$2:$C$71,MATCH($F9,Raw_Products!$A$2:$A$71,0)) -> Raksha Bandhan | I9: =VALUE(Raw_Orders!D9) -> 3 | J9: =INDEX(Raw_Products!$D$2:$D$71,MATCH($F9,Raw_Products!$A$2:$A$71,0)) -> 750 | K9: =I9*J9 -> 2250 | L9: =DATE(VALUE(RIGHT(Raw_Orders!E9,4)),VALUE(MID(Raw_Orders!E9,4,2)),VALUE(LEFT(Raw_Orders!E9,2))) -> 45238 | M9: =DATE(VALUE(RIGHT(Raw_Orders!G9,4)),VALUE(MID(Raw_Orders!G9,4,2)),VALUE(LEFT(Raw_Orders!G9,2))) -> 45244 | N9: =M9-L9 -> 6 | O9: =Raw_Orders!J9 -> Diwali | P9: =Raw_Orders!I9 -> Morena
A10: =Raw_Orders!A10 -> 9 | B10: =Raw_Orders!B10 -> C044 | C10: =INDEX(Raw_Customers!$B$2:$B$101,MATCH($B10,Raw_Customers!$A$2:$A$101,0)) -> Seher Mann | D10: =TRIM(INDEX(Raw_Customers!$C$2:$C$101,MATCH($B10,Raw_Customers!$A$2:$A$101,0))) -> Agra | E10: ="+91-"&RIGHT("0000000000"&INDEX(Raw_Customers!$D$2:$D$101,MATCH($B10,Raw_Customers!$A$2:$A$101,0)),10) -> +91-9843970658 | F10: =Raw_Orders!C10 -> 27 | G10: =INDEX(Raw_Products!$B$2:$B$71,MATCH($F10,Raw_Products!$A$2:$A$71,0)) -> Architecto Gift | H10: =INDEX(Raw_Products!$C$2:$C$71,MATCH($F10,Raw_Products!$A$2:$A$71,0)) -> Cake | I10: =VALUE(Raw_Orders!D10) -> 4 | J10: =INDEX(Raw_Products!$D$2:$D$71,MATCH($F10,Raw_Products!$A$2:$A$71,0)) -> 548 | K10: =I10*J10 -> 2192 | L10: =DATE(VALUE(RIGHT(Raw_Orders!E10,4)),VALUE(MID(Raw_Orders!E10,4,2)),VALUE(LEFT(Raw_Orders!E10,2))) -> 45158 | M10: =DATE(VALUE(RIGHT(Raw_Orders!G10,4)),VALUE(MID(Raw_Orders!G10,4,2)),VALUE(LEFT(Raw_Orders!G10,2))) -> 45167 | N10: =M10-L10 -> 9 | O10: =Raw_Orders!J10 -> Raksha Bandhan | P10: =Raw_Orders!I10 -> Rajkot
A11: =Raw_Orders!A11 -> 10 | B11: =Raw_Orders!B11 -> C099 | C11: =INDEX(Raw_Customers!$B$2:$B$101,MATCH($B11,Raw_Customers!$A$2:$A$101,0)) -> Ranbir Loyal | D11: =TRIM(INDEX(Raw_Customers!$C$2:$C$101,MATCH($B11,Raw_Customers!$A$2:$A$101,0))) -> Dhanbad | E11: ="+91-"&RIGHT("0000000000"&INDEX(Raw_Customers!$D$2:$D$101,MATCH($B11,Raw_Customers!$A$2:$A$101,0)),10) -> +91-3621448305 | F11: =Raw_Orders!C11 -> 56 | G11: =INDEX(Raw_Products!$B$2:$B$71,MATCH($F11,Raw_Products!$A$2:$A$71,0)) -> Quia Gift | H11: =INDEX(Raw_Products!$C$2:$C$71,MATCH($F11,Raw_Products!$A$2:$A$71,0)) -> Raksha Bandhan | I11: =VALUE(Raw_Orders!D11) -> 3 | J11: =INDEX(Raw_Products!$D$2:$D$71,MATCH($F11,Raw_Products!$A$2:$A$71,0)) -> 1272 | K11: =I11*J11 -> 3816 | L11: =DATE(VALUE(RIGHT(Raw_Orders!E11,4)),VALUE(MID(Raw_Orders!E11,4,2)),VALUE(LEFT(Raw_Orders!E11,2))) -> 44983 | M11: =DATE(VALUE(RIGHT(Raw_Orders!G11,4)),VALUE(MID(Raw_Orders!G11,4,2)),VALUE(LEFT(Raw_Orders!G11,2))) -> 44993 | N11: =M11-L11 -> 10 | O11: =Raw_Orders!J11 -> Anniversary | P11: =Raw_Orders!I11 -> Ambala
A12: =Raw_Orders!A12 -> 11 | B12: =Raw_Orders!B12 -> C065 | C12: =INDEX(Raw_Customers!$B$2:$B$101,MATCH($B12,Raw_Customers!$A$2:$A$101,0)) -> Badal Vora | D12: =TRIM(INDEX(Raw_Customers!$C$2:$C$101,MATCH($B12,Raw_Customers!$A$2:$A$101,0))) -> North Dumdum | E12: ="+91-"&RIGHT("0000000000"&INDEX(Raw_Customers!$D$2:$D$101,MATCH($B12,Raw_Customers!$A$2:$A$101,0)),10) -> +91-9753056313 | F12: =Raw_Orders!C12 -> 16 | G12: =INDEX(Raw_Products!$B$2:$B$71,MATCH($F12,Raw_Products!$A$2:$A$71,0)) -> Ut Pack | H12: =INDEX(Raw_Products!$C$2:$C$71,MATCH($F12,Raw_Products!$A$2:$A$71,0)) -> Sweets | I12: =VALUE(Raw_Orders!D12) -> 4 | J12: =INDEX(Raw_Products!$D$2:$D$71,MATCH($F12,Raw_Products!$A$2:$A$71,0)) -> 1721 | K12: =I12*J12 -> 6884 | L12: =DATE(VALUE(RIGHT(Raw_Orders!E12,4)),VALUE(MID(Raw_Orders!E12,4,2)),VALUE(LEFT(Raw_Orders!E12,2))) -> 44987 | M12: =DATE(VALUE(RIGHT(Raw_Orders!G12,4)),VALUE(MID(Raw_Orders!G12,4,2)),VALUE(LEFT(Raw_Orders!G12,2))) -> 44988 | N12: =M12-L12 -> 1 | O12: =Raw_Orders!J12 -> Holi | P12: =Raw_Orders!I12 -> Belgaum
A13: =Raw_Orders!A13 -> 12 | B13: =Raw_Orders!B13 -> C097 | C13: =INDEX(Raw_Customers!$B$2:$B$101,MATCH($B13,Raw_Customers!$A$2:$A$101,0)) -> Nakul Randhawa | D13: =TRIM(INDEX(Raw_Customers!$C$2:$C$101,MATCH($B13,Raw_Customers!$A$2:$A$101,0))) -> Sri Ganganagar | E13: ="+91-"&RIGHT("0000000000"&INDEX(Raw_Customers!$D$2:$D$101,MATCH($B13,Raw_Customers!$A$2:$A$101,0)),10) -> +91-0456900126 | F13: =Raw_Orders!C13 -> 38 | G13: =INDEX(Raw_Products!$B$2:$B$71,MATCH($F13,Raw_Products!$A$2:$A$71,0)) -> Mollitia Set | H13: =INDEX(Raw_Products!$C$2:$C$71,MATCH($F13,Raw_Products!$A$2:$A$71,0)) -> Cake | I13: =VALUE(Raw_Orders!D13) -> 3 | J13: =INDEX(Raw_Products!$D$2:$D$71,MATCH($F13,Raw_Products!$A$2:$A$71,0)) -> 562 | K13: =I13*J13 -> 1686 | L13: =DATE(VALUE(RIGHT(Raw_Orders!E13,4)),VALUE(MID(Raw_Orders!E13,4,2)),VALUE(LEFT(Raw_Orders!E13,2))) -> 45119 | M13: =DATE(VALUE(RIGHT(Raw_Orders!G13,4)),VALUE(MID(Raw_Orders!G13,4,2)),VALUE(LEFT(Raw_Orders!G13,2))) -> 45127 | N13: =M13-L13 -> 8 | O13: =Raw_Orders!J13 -> Birthday | P13: =Raw_Orders!I13 -> Karnal
... A1001: =Raw_Orders!A1001 -> 1000 | B1001: =Raw_Orders!B1001 -> C012 | C1001: =INDEX(Raw_Customers!$B$2:$B$101,MATCH($B1001,Raw_Customers!$A$2:$A$101,0)) -> Onkar Mangat | D1001: =TRIM(INDEX(Raw_Customers!$C$2:$C$101,MATCH($B1001,Raw_Customers!$A$2:$A$101,0))) -> Bilaspur | E1001: ="+91-"&RIGHT("0000000000"&INDEX(Raw_Customers!$D$2:$D$101,MATCH($B1001,Raw_Customers!$A$2:$A$101,0)),10) -> +91-9921125624 | F1001: =Raw_Orders!C1001 -> 27 | G1001: =INDEX(Raw_Products!$B$2:$B$71,MATCH($F1001,Raw_Products!$A$2:$A$71,0)) -> Architecto Gift | H1001: =INDEX(Raw_Products!$C$2:$C$71,MATCH($F1001,Raw_Products!$A$2:$A$71,0)) -> Cake | I1001: =VALUE(Raw_Orders!D1001) -> 4 | J1001: =INDEX(Raw_Products!$D$2:$D$71,MATCH($F1001,Raw_Products!$A$2:$A$71,0)) -> 548 | K1001: =I1001*J1001 -> 2192 | L1001: =DATE(VALUE(RIGHT(Raw_Orders!E1001,4)),VALUE(MID(Raw_Orders!E1001,4,2)),VALUE(LEFT(Raw_Orders!E1001,2))) -> 45163 | M1001: =DATE(VALUE(RIGHT(Raw_Orders!G1001,4)),VALUE(MID(Raw_Orders!G1001,4,2)),VALUE(LEFT(Raw_Orders!G1001,2))) -> 45169 | N1001: =M1001-L1001 -> 6 | O1001: =Raw_Orders!J1001 -> Raksha Bandhan | P1001: =Raw_Orders!I1001 -> Tadepalligudem

Sheet Summary
B2: Sales Summary
B4: Revenue by Category | F4: Revenue by Occasion
B5: Category | C5: Total_Revenue | D5: Orders | F5: Occasion | G5: Total_Revenue
B6: Cake | C6: =SUMIFS(Cleaned_Data!$K$2:$K$1001,Cleaned_Data!$H$2:$H$1001,B6) -> 329862 | D6: =COUNTIFS(Cleaned_Data!$H$2:$H$1001,B6) -> 118 | F6: All Occasions | G6: =SUMIFS(Cleaned_Data!$K$2:$K$1001,Cleaned_Data!$O$2:$O$1001,F6) -> 586176
B7: Colors | C7: =SUMIFS(Cleaned_Data!$K$2:$K$1001,Cleaned_Data!$H$2:$H$1001,B7) -> 1005645 | D7: =COUNTIFS(Cleaned_Data!$H$2:$H$1001,B7) -> 273 | F7: Anniversary | G7: =SUMIFS(Cleaned_Data!$K$2:$K$1001,Cleaned_Data!$O$2:$O$1001,F7) -> 674634
B8: Mugs | C8: =SUMIFS(Cleaned_Data!$K$2:$K$1001,Cleaned_Data!$H$2:$H$1001,B8) -> 201151 | D8: =COUNTIFS(Cleaned_Data!$H$2:$H$1001,B8) -> 74 | F8: Birthday | G8: =SUMIFS(Cleaned_Data!$K$2:$K$1001,Cleaned_Data!$O$2:$O$1001,F8) -> 408194
B9: Plants | C9: =SUMIFS(Cleaned_Data!$K$2:$K$1001,Cleaned_Data!$H$2:$H$1001,B9) -> 212281 | D9: =COUNTIFS(Cleaned_Data!$H$2:$H$1001,B9) -> 99 | F9: Diwali | G9: =SUMIFS(Cleaned_Data!$K$2:$K$1001,Cleaned_Data!$O$2:$O$1001,F9) -> 313783
B10: Raksha Bandhan | C10: =SUMIFS(Cleaned_Data!$K$2:$K$1001,Cleaned_Data!$H$2:$H$1001,B10) -> 297372 | D10: =COUNTIFS(Cleaned_Data!$H$2:$H$1001,B10) -> 99 | F10: Holi | G10: =SUMIFS(Cleaned_Data!$K$2:$K$1001,Cleaned_Data!$O$2:$O$1001,F10) -> 574682
B11: Soft Toys | C11: =SUMIFS(Cleaned_Data!$K$2:$K$1001,Cleaned_Data!$H$2:$H$1001,B11) -> 740831 | D11: =COUNTIFS(Cleaned_Data!$H$2:$H$1001,B11) -> 166 | F11: Raksha Bandhan | G11: =SUMIFS(Cleaned_Data!$K$2:$K$1001,Cleaned_Data!$O$2:$O$1001,F11) -> 631585
B12: Sweets | C12: =SUMIFS(Cleaned_Data!$K$2:$K$1001,Cleaned_Data!$H$2:$H$1001,B12) -> 733842 | D12: =COUNTIFS(Cleaned_Data!$H$2:$H$1001,B12) -> 171 | F12: Valentine's Day | G12: =SUMIFS(Cleaned_Data!$K$2:$K$1001,Cleaned_Data!$O$2:$O$1001,F12) -> 331930

Sheet Dashboard
B2: Gift Shop Sales — Dashboard
B4: Total Orders | D4: Total Revenue (INR) | F4: Average Order Value (INR) | H4: Top Category
B5: =COUNTA(Cleaned_Data!A2:A1001) -> 1000 | D5: =SUM(Cleaned_Data!K2:K1001) -> 3520984 | F5: =AVERAGE(Cleaned_Data!K2:K1001) -> 3520.984 | H5: =INDEX(Summary!B6:B12,MATCH(MAX(Summary!C6:C12),Summary!C6:C12,0)) -> Colors
